"102,916 ","103,216 ","103,516 ","103,816 ","104,116 ","104,416 ","104,716 ","105,016 ","105,316 ","105,616 ","105,916 ","106,216 ","106,516 ","106,816 ","107,116 ","107,416 ","107,716 ","108,016 ","108,316 ","108,616 ","108,916 ","109,216 ","109,516 ","109,816 ","110,116 ","110,416 ","110,716 ","111,016 ","111,316 ","111,616 ","111,916 ","112,216 ","112,516 ","112,816 ","113,116 ","113,416 ","113,716 ","114,016 ","114,316 ","114,616 ","114,916 ","115,216 ","115,516 "
"106,552 ","106,852 ","107,152 ","107,452 ","107,752 ","108,052 ","108,352 ","108,652 ","108,952 ","109,252 ","109,552 ","109,852 ","110,152 ","110,452 ","110,752 ","111,052 ","111,352 ","111,652 ","111,952 ","112,252 ","112,552 ","112,852 ","113,152 ","113,452 ","113,752 ","114,052 ","114,352 ","114,652 ","114,952 ","115,252 ","115,552 ","115,852 ","116,152 ","116,452 ","116,752 ","117,052 ","117,352 ","117,652 ","117,952 ","118,252 ","118,552 ","118,852 ","119,152 "
"110,373 ","110,673 ","110,973 ","111,273 ","111,573 ","111,873 ","112,173 ","112,473 ","112,773 ","113,073 ","113,373 ","113,673 ","113,973 ","114,273 ","114,573 ","114,873 ","115,173 ","115,473 ","115,773 ","116,073 ","116,373 ","116,673 ","116,973 ","117,273 ","117,573 ","117,873 ","118,173 ","118,473 ","118,773 ","119,073 ","119,373 ","119,673 ","119,973 ","120,273 ","120,573 ","120,873 ","121,173 ","121,473 ","121,773 ","122,073 ","122,373 ","122,673 ","122,973 "
"114,389 ","114,689 ","114,989 ","115,289 ","115,589 ","115,889 ","116,189 ","116,489 ","116,789 ","117,089 ","117,389 ","117,689 ","117,989 ","118,289 ","118,589 ","118,889 ","119,189 ","119,489 ","119,789 ","120,089 ","120,389 ","120,689 ","120,989 ","121,289 ","121,589 ","121,889 ","122,189 ","122,489 ","122,789 ","123,089 ","123,389 ","123,689 ","123,989 ","124,289 ","124,589 ","124,889 ","125,189 ","125,489 ","125,789 ","126,089 ","126,389 ","126,689 ","126,989 "
"118,610 ","118,910 ","119,210 ","119,510 ","119,810 ","120,110 ","120,410 ","120,710 ","121,010 ","121,310 ","121,610 ","121,910 ","122,210 ","122,510 ","122,810 ","123,110 ","123,410 ","123,710 ","124,010 ","124,310 ","124,610 ","124,910 ","125,210 ","125,510 ","125,810 ","126,110 ","126,410 ","126,710 ","127,010 ","127,310 ","127,610 ","127,910 ","128,210 ","128,510 ","128,810 ","129,110 ","129,410 ","129,710 ","130,010 ","130,310 ","130,610 ","130,910 ","131,210 "
"123,047 ","123,347 ","123,647 ","123,947 ","124,247 ","124,547 ","124,847 ","125,147 ","125,447 ","125,747 ","126,047 ","126,347 ","126,647 ","126,947 ","127,247 ","127,547 ","127,847 ","128,147 ","128,447 ","128,747 ","129,047 ","129,347 ","129,647 ","129,947 ","130,247 ","130,547 ","130,847 ","131,147 ","131,447 ","131,747 ","132,047 ","132,347 ","132,647 ","132,947 ","133,247 ","133,547 ","133,847 ","134,147 ","134,447 ","134,747 ","135,047 ","135,347 ","135,647 "
"127,711 ","128,011 ","128,311 ","128,611 ","128,911 ","129,211 ","129,511 ","129,811 ","130,111 ","130,411 ","130,711 ","131,011 ","131,311 ","131,611 ","131,911 ","132,211 ","132,511 ","132,811 ","133,111 ","133,411 ","133,711 ","134,011 ","134,311 ","134,611 ","134,911 ","135,211 ","135,511 ","135,811 ","136,111 ","136,411 ","136,711 ","137,011 ","137,311 ","137,611 ","137,911 ","138,211 ","138,511 ","138,811 ","139,111 ","139,411 ","139,711 ","140,011 ","140,311 "
"132,612 ","132,912 ","133,212 ","133,512 ","133,812 ","134,112 ","134,412 ","134,712 ","135,012 ","135,312 ","135,612 ","135,912 ","136,212 ","136,512 ","136,812 ","137,112 ","137,412 ","137,712 ","138,012 ","138,312 ","138,612 ","138,912 ","139,212 ","139,512 ","139,812 ","140,112 ","140,412 ","140,712 ","141,012 ","141,312 ","141,612 ","141,912 ","142,212 ","142,512 ","142,812 ","143,112 ","143,412 ","143,712 ","144,012 ","144,312 ","144,612 ","144,912 ","145,212 "
"137,765 ","138,065 ","138,365 ","138,665 ","138,965 ","139,265 ","139,565 ","139,865 ","140,165 ","140,465 ","140,765 ","141,065 ","141,365 ","141,665 ","141,965 ","142,265 ","142,565 ","142,865 ","143,165 ","143,465 ","143,765 ","144,065 ","144,365 ","144,665 ","144,965 ","145,265 ","145,565 ","145,865 ","146,165 ","146,465 ","146,765 ","147,065 ","147,365 ","147,665 ","147,965 ","148,265 ","148,565 ","148,865 ","149,165 ","149,465 ","149,765 ","150,065 ","150,365 "
"143,181 ","143,481 ","143,781 ","144,081 ","144,381 ","144,681 ","144,981 ","145,281 ","145,581 ","145,881 ","146,181 ","146,481 ","146,781 ","147,081 ","147,381 ","147,681 ","147,981 ","148,281 ","148,581 ","148,881 ","149,181 ","149,481 ","149,781 ","150,081 ","150,381 ","150,681 ","150,981 ","151,281 ","151,581 ","151,881 ","152,181 ","152,481 ","152,781 ","153,081 ","153,381 ","153,681 ","153,981 ","154,281 ","154,581 ","154,881 ","155,181 ","155,481 ","155,781 "
"148,874 ","149,174 ","149,474 ","149,774 ","150,074 ","150,374 ","150,674 ","150,974 ","151,274 ","151,574 ","151,874 ","152,174 ","152,474 ","152,774 ","153,074 ","153,374 ","153,674 ","153,974 ","154,274 ","154,574 ","154,874 ","155,174 ","155,474 ","155,774 ","156,074 ","156,374 ","156,674 ","156,974 ","157,274 ","157,574 ","157,874 ","158,174 ","158,474 ","158,774 ","159,074 ","159,374 ","159,674 ","159,974 ","160,274 ","160,574 ","160,874 ","161,174 ","161,474 "
"154,859 ","155,159 ","155,459 ","155,759 ","156,059 ","156,359 ","156,659 ","156,959 ","157,259 ","157,559 ","157,859 ","158,159 ","158,459 ","158,759 ","159,059 ","159,359 ","159,659 ","159,959 ","160,259 ","160,559 ","160,859 ","161,159 ","161,459 ","161,759 ","162,059 ","162,359 ","162,659 ","162,959 ","163,259 ","163,559 ","163,859 ","164,159 ","164,459 ","164,759 ","165,059 ","165,359 ","165,659 ","165,959 ","166,259 ","166,559 ","166,859 ","167,159 ","167,459 "
"161,151 ","161,451 ","161,751 ","162,051 ","162,351 ","162,651 ","162,951 ","163,251 ","163,551 ","163,851 ","164,151 ","164,451 ","164,751 ","165,051 ","165,351 ","165,651 ","165,951 ","166,251 ","166,551 ","166,851 ","167,151 ","167,451 ","167,751 ","168,051 ","168,351 ","168,651 ","168,951 ","169,251 ","169,551 ","169,851 ","170,151 ","170,451 ","170,751 ","171,051 ","171,351 ","171,651 ","171,951 ","172,251 ","172,551 ","172,851 ","173,151 ","173,451 ","173,751 "
"167,765 ","168,065 ","168,365 ","168,665 ","168,965 ","169,265 ","169,565 ","169,865 ","170,165 ","170,465 ","170,765 ","171,065 ","171,365 ","171,665 ","171,965 ","172,265 ","172,565 ","172,865 ","173,165 ","173,465 ","173,765 ","174,065 ","174,365 ","174,665 ","174,965 ","175,265 ","175,565 ","175,865 ","176,165 ","176,465 ","176,765 ","177,065 ","177,365 ","177,665 ","177,965 ","178,265 ","178,565 ","178,865 ","179,165 ","179,465 ","179,765 ","180,065 ","180,365 "
"174,718 ","175,018 ","175,318 ","175,618 ","175,918 ","176,218 ","176,518 ","176,818 ","177,118 ","177,418 ","177,718 ","178,018 ","178,318 ","178,618 ","178,918 ","179,218 ","179,518 ","179,818 ","180,118 ","180,418 ","180,718 ","181,018 ","181,318 ","181,618 ","181,918 ","182,218 ","182,518 ","182,818 ","183,118 ","183,418 ","183,718 ","184,018 ","184,318 ","184,618 ","184,918 ","185,218 ","185,518 ","185,818 ","186,118 ","186,418 ","186,718 ","187,018 ","187,318 "
"182,028 ","182,328 ","182,628 ","182,928 ","183,228 ","183,528 ","183,828 ","184,128 ","184,428 ","184,728 ","185,028 ","185,328 ","185,628 ","185,928 ","186,228 ","186,528 ","186,828 ","187,128 ","187,428 ","187,728 ","188,028 ","188,328 ","188,628 ","188,928 ","189,228 ","189,528 ","189,828 ","190,128 ","190,428 ","190,728 ","191,028 ","191,328 ","191,628 ","191,928 ","192,228 ","192,528 ","192,828 ","193,128 ","193,428 ","193,728 ","194,028 ","194,328 ","194,628 "
"189,713 ","190,013 ","190,313 ","190,613 ","190,913 ","191,213 ","191,513 ","191,813 ","192,113 ","192,413 ","192,713 ","193,013 ","193,313 ","193,613 ","193,913 ","194,213 ","194,513 ","194,813 ","195,113 ","195,413 ","195,713 ","196,013 ","196,313 ","196,613 ","196,913 ","197,213 ","197,513 ","197,813 ","198,113 ","198,413 ","198,713 ","199,013 ","199,313 ","199,613 ","199,913 ","200,213 ","200,513 ","200,813 ","201,113 ","201,413 ","201,713 ","202,013 ","202,313 "
"197,792 ","198,092 ","198,392 ","198,692 ","198,992 ","199,292 ","199,592 ","199,892 ","200,192 ","200,492 ","200,792 ","201,092 ","201,392 ","201,692 ","201,992 ","202,292 ","202,592 ","202,892 ","203,192 ","203,492 ","203,792 ","204,092 ","204,392 ","204,692 ","204,992 ","205,292 ","205,592 ","205,892 ","206,192 ","206,492 ","206,792 ","207,092 ","207,392 ","207,692 ","207,992 ","208,292 ","208,592 ","208,892 ","209,192 ","209,492 ","209,792 ","210,092 ","210,392 "
"206,286 ","206,586 ","206,886 ","207,186 ","207,486 ","207,786 ","208,086 ","208,386 ","208,686 ","208,986 ","209,286 ","209,586 ","209,886 ","210,186 ","210,486 ","210,786 ","211,086 ","211,386 ","211,686 ","211,986 ","212,286 ","212,586 ","212,886 ","213,186 ","213,486 ","213,786 ","214,086 ","214,386 ","214,686 ","214,986 ","215,286 ","215,586 ","215,886 ","216,186 ","216,486 ","216,786 ","217,086 ","217,386 ","217,686 ","217,986 ","218,286 ","218,586 ","218,886 "
"215,217 ","215,517 ","215,817 ","216,117 ","216,417 ","216,717 ","217,017 ","217,317 ","217,617 ","217,917 ","218,217 ","218,517 ","218,817 ","219,117 ","219,417 ","219,717 ","220,017 ","220,317 ","220,617 ","220,917 ","221,217 ","221,517 ","221,817 ","222,117 ","222,417 ","222,717 ","223,017 ","223,317 ","223,617 ","223,917 ","224,217 ","224,517 ","224,817 ","225,117 ","225,417 ","225,717 ","226,017 ","226,317 ","226,617 ","226,917 ","227,217 ","227,517 ","227,817 "
"222,918 ","230,898 ","232,706 ","233,006 ","233,306 ","233,606 ","233,906 ","234,206 ","234,506 ","234,806 ","235,106 ","235,406 ","235,706 ","236,006 ","236,306 ","236,606 ","236,906 ","237,206 ","237,506 ","237,806 ","238,106 ","238,406 ","238,706 ","239,006 ","239,306 ","239,606 ","239,906 ","240,206 ","240,506 ","240,806 ","241,106 ","241,406 ","241,706 ","242,006 ","242,306 ","242,606 ","242,906 ","243,206 ","243,506 ","243,806 ","244,106 ","244,406 ","244,706 "
"220,871 ","228,766 ","236,660 ","242,877 ","243,177 ","243,477 ","243,777 ","244,077 ","244,377 ","244,677 ","244,977 ","245,277 ","245,577 ","245,877 ","246,177 ","246,477 ","246,777 ","247,077 ","247,377 ","247,677 ","247,977 ","248,277 ","248,577 ","248,877 ","249,177 ","249,477 ","249,777 ","250,077 ","250,377 ","250,677 ","250,977 ","251,277 ","251,577 ","251,877 ","252,177 ","252,477 ","252,777 ","253,077 ","253,377 ","253,677 ","253,977 ","254,277 ","254,577 "
"218,728 ","226,533 ","234,338 ","242,144 ","249,949 ","253,856 ","254,156 ","254,456 ","254,756 ","255,056 ","255,356 ","255,656 ","255,956 ","256,256 ","256,556 ","256,856 ","257,156 ","257,456 ","257,756 ","258,056 ","258,356 ","258,656 ","258,956 ","259,256 ","259,556 ","259,856 ","260,156 ","260,456 ","260,756 ","261,056 ","261,356 ","261,656 ","261,956 ","262,256 ","262,556 ","262,856 ","263,156 ","263,456 ","263,756 ","264,056 ","264,356 ","264,656 ","264,956 "
"216,486 ","224,198 ","231,910 ","239,622 ","247,334 ","255,046 ","262,758 ","265,368 ","265,668 ","265,968 ","266,268 ","266,568 ","266,868 ","267,168 ","267,468 ","267,768 ","268,068 ","268,368 ","268,668 ","268,968 ","269,268 ","269,568 ","269,868 ","270,168 ","270,468 ","270,768 ","271,068 ","271,368 ","271,668 ","271,968 ","272,268 ","272,568 ","272,868 ","273,168 ","273,468 ","273,768 ","274,068 ","274,368 ","274,668 ","274,968 ","275,268 ","275,568 ","275,868 "
"214,142 ","221,757 ","229,371 ","236,985 ","244,600 ","252,214 ","259,828 ","267,442 ","275,057 ","277,441 ","277,741 ","278,041 ","278,341 ","278,641 ","278,941 ","279,241 ","279,541 ","279,841 ","280,141 ","280,441 ","280,741 ","281,041 ","281,341 ","281,641 ","281,941 ","282,241 ","282,541 ","282,841 ","283,141 ","283,441 ","283,741 ","284,041 ","284,341 ","284,641 ","284,941 ","285,241 ","285,541 ","285,841 ","286,141 ","286,441 ","286,741 ","287,041 ","287,341 "
"211,697 ","219,209 ","226,722 ","234,234 ","241,746 ","249,259 ","256,771 ","264,284 ","271,796 ","279,308 ","286,821 ","290,104 ","290,404 ","290,704 ","291,004 ","291,304 ","291,604 ","291,904 ","292,204 ","292,504 ","292,804 ","293,104 ","293,404 ","293,704 ","294,004 ","294,304 ","294,604 ","294,904 ","295,204 ","295,504 ","295,804 ","296,104 ","296,404 ","296,704 ","297,004 ","297,304 ","297,604 ","297,904 ","298,204 ","298,504 ","298,804 ","299,104 ","299,404 "
"209,163 ","216,569 ","223,976 ","231,383 ","238,790 ","246,196 ","253,603 ","261,010 ","268,417 ","275,824 ","283,230 ","290,637 ","298,044 ","303,387 ","303,687 ","303,987 ","304,287 ","304,587 ","304,887 ","305,187 ","305,487 ","305,787 ","306,087 ","306,387 ","306,687 ","306,987 ","307,287 ","307,587 ","307,887 ","308,187 ","308,487 ","308,787 ","309,087 ","309,387 ","309,687 ","309,987 ","310,287 ","310,587 ","310,887 ","311,187 ","311,487 ","311,787 ","312,087 "
"206,554 ","213,852 ","221,150 ","228,448 ","235,746 ","243,044 ","250,342 ","257,640 ","264,938 ","272,236 ","279,535 ","286,833 ","294,131 ","301,429 ","308,727 ","316,025 ","317,622 ","317,922 ","318,222 ","318,522 ","318,822 ","319,122 ","319,422 ","319,722 ","320,022 ","320,322 ","320,622 ","320,922 ","321,222 ","321,522 ","321,822 ","322,122 ","322,422 ","322,722 ","323,022 ","323,322 ","323,622 ","323,922 ","324,222 ","324,522 ","324,822 ","325,122 ","325,422 "
"203,854 ","211,039 ","218,225 ","225,411 ","232,596 ","239,782 ","246,967 ","254,153 ","261,338 ","268,524 ","275,710 ","282,895 ","290,081 ","297,266 ","304,452 ","311,637 ","318,823 ","326,009 ","332,242 ","332,542 ","332,842 ","333,142 ","333,442 ","333,742 ","334,042 ","334,342 ","334,642 ","334,942 ","335,242 ","335,542 ","335,842 ","336,142 ","336,442 ","336,742 ","337,042 ","337,342 ","337,642 ","337,942 ","338,242 ","338,542 ","338,842 ","339,142 ","339,442 "
"201,064 ","208,133 ","215,203 ","222,272 ","229,341 ","236,411 ","243,480 ","250,549 ","257,619 ","264,688 ","271,757 ","278,827 ","285,896 ","292,965 ","300,035 ","307,104 ","314,173 ","321,243 ","328,312 ","335,381 ","342,451 ","347,883 ","348,183 ","348,483 ","348,783 ","349,083 ","349,383 ","349,683 ","349,983 ","350,283 ","350,583 ","350,883 ","351,183 ","351,483 ","351,783 ","352,083 ","352,383 ","352,683 ","352,983 ","353,283 ","353,583 ","353,883 ","354,183 "
"198,183 ","205,133 ","212,082 ","219,031 ","225,981 ","232,930 ","239,879 ","246,829 ","253,778 ","260,727 ","267,677 ","274,626 ","281,575 ","288,524 ","295,474 ","302,423 ","309,372 ","316,322 ","323,271 ","330,220 ","337,170 ","344,119 ","351,068 ","358,018 ","364,283 ","364,583 ","364,883 ","365,183 ","365,483 ","365,783 ","366,083 ","366,383 ","366,683 ","366,983 ","367,283 ","367,583 ","367,883 ","368,183 ","368,483 ","368,783 ","369,083 ","369,383 ","369,683 "
"195,217 ","202,043 ","208,869 ","215,695 ","222,520 ","229,346 ","236,172 ","242,998 ","249,823 ","256,649 ","263,475 ","270,300 ","277,126 ","283,952 ","290,778 ","297,603 ","304,429 ","311,255 ","318,081 ","324,906 ","331,732 ","338,558 ","345,383 ","352,209 ","359,035 ","365,861 ","372,686 ","379,512 ","381,780 ","382,080 ","382,380 ","382,680 ","382,980 ","383,280 ","383,580 ","383,880 ","384,180 ","384,480 ","384,780 ","385,080 ","385,380 ","385,680 ","385,980 "
"192,163 ","198,861 ","205,560 ","212,258 ","218,956 ","225,655 ","232,353 ","239,052 ","245,750 ","252,449 ","259,147 ","265,846 ","272,544 ","279,242 ","285,941 ","292,639 ","299,338 ","306,036 ","312,735 ","319,433 ","326,132 ","332,830 ","339,528 ","346,227 ","352,925 ","359,624 ","366,322 ","373,021 ","379,719 ","386,418 ","393,116 ","399,814 ","400,114 ","400,414 ","400,714 ","401,014 ","401,314 ","401,614 ","401,914 ","402,214 ","402,514 ","402,814 ","403,114 "
"189,050 ","195,618 ","202,187 ","208,756 ","215,324 ","221,893 ","228,462 ","235,031 ","241,599 ","248,168 ","254,737 ","261,306 ","267,874 ","274,443 ","281,012 ","287,581 ","294,149 ","300,718 ","307,287 ","313,855 ","320,424 ","326,993 ","333,562 ","340,130 ","346,699 ","353,268 ","359,837 ","366,405 ","372,974 ","379,543 ","386,112 ","392,680 ","392,980 ","393,280 ","393,580 ","393,880 ","394,180 ","394,480 ","394,780 ","395,080 ","395,380 ","395,680 ","395,980 "
"185,870 ","192,306 ","198,742 ","205,178 ","211,615 ","218,051 ","224,487 ","230,923 ","237,360 ","243,796 ","250,232 ","256,668 ","263,104 ","269,541 ","275,977 ","282,413 ","288,849 ","295,286 ","301,722 ","308,158 ","314,594 ","321,031 ","327,467 ","333,903 ","340,339 ","346,776 ","353,212 ","359,648 ","366,084 ","372,520 ","378,957 ","385,393 ","385,693 ","385,993 ","386,293 ","386,593 ","386,893 ","387,193 ","387,493 ","387,793 ","388,093 ","388,393 ","388,693 "
"182,593 ","188,892 ","195,192 ","201,492 ","207,791 ","214,091 ","220,391 ","226,691 ","232,990 ","239,290 ","245,590 ","251,889 ","258,189 ","264,489 ","270,788 ","277,088 ","283,388 ","289,687 ","295,987 ","302,287 ","308,587 ","314,886 ","321,186 ","327,486 ","333,785 ","340,085 ","346,385 ","352,684 ","358,984 ","365,284 ","371,583 ","377,883 ","378,183 ","378,483 ","378,783 ","379,083 ","379,383 ","379,683 ","379,983 ","380,283 ","380,583 ","380,883 ","381,183 "
"179,236 ","185,396 ","191,556 ","197,716 ","203,876 ","210,035 ","216,195 ","222,355 ","228,515 ","234,675 ","240,835 ","246,994 ","253,154 ","259,314 ","265,474 ","271,634 ","277,794 ","283,953 ","290,113 ","296,273 ","302,433 ","308,593 ","314,753 ","320,912 ","327,072 ","333,232 ","339,392 ","345,552 ","351,712 ","357,872 ","364,031 ","370,191 ","376,351 ","382,511 ","388,671 ","394,831 ","395,882 ","396,182 ","396,482 ","396,782 ","397,082 ","397,382 ","397,682 "
"175,801 ","181,818 ","187,834 ","193,851 ","199,868 ","205,884 ","211,901 ","217,918 ","223,935 ","229,951 ","235,968 ","241,985 ","248,001 ","254,018 ","260,035 ","266,051 ","272,068 ","278,085 ","284,102 ","290,118 ","296,135 ","302,152 ","308,168 ","314,185 ","320,202 ","326,219 ","332,235 ","338,252 ","344,269 ","350,285 ","356,302 ","362,319 ","368,335 ","374,352 ","380,369 ","386,386 ","392,402 ","398,419 ","404,436 ","410,452 ","414,406 ","414,706 ","415,006 "
"172,270 ","178,139 ","184,009 ","189,879 ","195,748 ","201,618 ","207,487 ","213,357 ","219,226 ","225,096 ","230,966 ","236,835 ","242,705 ","248,574 ","254,444 ","260,313 ","266,183 ","272,053 ","277,922 ","283,792 ","289,661 ","295,531 ","301,401 ","307,270 ","313,140 ","319,009 ","324,879 ","330,748 ","336,618 ","342,488 ","348,357 ","354,227 ","360,096 ","365,966 ","371,835 ","377,705 ","383,575 ","389,444 ","395,314 ","401,183 ","407,053 ","412,922 ","418,792 "
"168,643 ","174,361 ","180,080 ","185,798 ","191,516 ","197,235 ","202,953 ","208,672 ","214,390 ","220,109 ","225,827 ","231,546 ","237,264 ","242,982 ","248,701 ","254,419 ","260,138 ","265,856 ","271,575 ","277,293 ","283,012 ","288,730 ","294,448 ","300,167 ","305,885 ","311,604 ","317,322 ","323,041 ","328,759 ","334,478 ","340,196 ","345,914 ","351,633 ","357,351 ","363,070 ","368,788 ","374,507 ","380,225 ","385,943 ","391,662 ","397,380 ","403,099 ","408,817 "
"164,922 ","170,485 ","176,049 ","181,612 ","187,175 ","192,739 ","198,302 ","203,866 ","209,429 ","214,992 ","220,556 ","226,119 ","231,683 ","237,246 ","242,810 ","248,373 ","253,936 ","259,500 ","265,063 ","270,627 ","276,190 ","281,753 ","287,317 ","292,880 ","298,444 ","304,007 ","309,570 ","315,134 ","320,697 ","326,261 ","331,824 ","337,387 ","342,951 ","348,514 ","354,078 ","359,641 ","365,205 ","370,768 ","376,331 ","381,895 ","387,458 ","393,022 ","398,585 "
"161,113 ","166,518 ","171,923 ","177,328 ","182,732 ","188,137 ","193,542 ","198,947 ","204,351 ","209,756 ","215,161 ","220,565 ","225,970 ","231,375 ","236,780 ","242,184 ","247,589 ","252,994 ","258,399 ","263,803 ","269,208 ","274,613 ","280,017 ","285,422 ","290,827 ","296,232 ","301,636 ","307,041 ","312,446 ","317,851 ","323,255 ","328,660 ","334,065 ","339,469 ","344,874 ","350,279 ","355,684 ","361,088 ","366,493 ","371,898 ","377,303 ","382,707 ","388,112 "
"157,227 ","162,470 ","167,713 ","172,955 ","178,198 ","183,441 ","188,684 ","193,927 ","199,169 ","204,412 ","209,655 ","214,898 ","220,141 ","225,383 ","230,626 ","235,869 ","241,112 ","246,354 ","251,597 ","256,840 ","262,083 ","267,326 ","272,568 ","277,811 ","283,054 ","288,297 ","293,540 ","298,782 ","304,025 ","309,268 ","314,511 ","319,754 ","324,996 ","330,239 ","335,482 ","340,725 ","345,968 ","351,210 ","356,453 ","361,696 ","366,939 ","372,181 ","377,424 "
"153,267 ","158,345 ","163,423 ","168,501 ","173,579 ","178,656 ","183,734 ","188,812 ","193,890 ","198,968 ","204,045 ","209,123 ","214,201 ","219,279 ","224,357 ","229,435 ","234,512 ","239,590 ","244,668 ","249,746 ","254,824 ","259,901 ","264,979 ","270,057 ","275,135 ","280,213 ","285,290 ","290,368 ","295,446 ","300,524 ","305,602 ","310,679 ","315,757 ","320,835 ","325,913 ","330,991 ","336,068 ","341,146 ","346,224 ","351,302 ","356,380 ","361,458 ","366,535 "
"149,243 ","154,153 ","159,064 ","163,974 ","168,884 ","173,794 ","178,704 ","183,614 ","188,524 ","193,435 ","198,345 ","203,255 ","208,165 ","213,075 ","217,985 ","222,895 ","227,806 ","232,716 ","237,626 ","242,536 ","247,446 ","252,356 ","257,266 ","262,176 ","267,087 ","271,997 ","276,907 ","281,817 ","286,727 ","291,637 ","296,547 ","301,458 ","306,368 ","311,278 ","316,188 ","321,098 ","326,008 ","330,918 ","335,829 ","340,739 ","345,649 ","350,559 ","355,469 "
"145,167 ","149,907 ","154,647 ","159,387 ","164,128 ","168,868 ","173,608 ","178,348 ","183,089 ","187,829 ","192,569 ","197,310 ","202,050 ","206,790 ","211,530 ","216,271 ","221,011 ","225,751 ","230,492 ","235,232 ","239,972 ","244,712 ","249,453 ","254,193 ","258,933 ","263,673 ","268,414 ","273,154 ","277,894 ","282,635 ","287,375 ","292,115 ","296,855 ","301,596 ","306,336 ","311,076 ","315,816 ","320,557 ","325,297 ","330,037 ","334,778 ","339,518 ","344,258 "
"141,049 ","145,618 ","150,187 ","154,756 ","159,324 ","163,893 ","168,462 ","173,031 ","177,599 ","182,168 ","186,737 ","191,305 ","195,874 ","200,443 ","205,012 ","209,580 ","214,149 ","218,718 ","223,287 ","227,855 ","232,424 ","236,993 ","241,561 ","246,130 ","250,699 ","255,268 ","259,836 ","264,405 ","268,974 ","273,543 ","278,111 ","282,680 ","287,249 ","291,817 ","296,386 ","300,955 ","305,524 ","310,092 ","314,661 ","319,230 ","323,799 ","328,367 ","332,936 "
"136,906 ","141,302 ","145,698 ","150,095 ","154,491 ","158,887 ","163,283 ","167,679 ","172,075 ","176,471 ","180,867 ","185,263 ","189,659 ","194,055 ","198,452 ","202,848 ","207,244 ","211,640 ","216,036 ","220,432 ","224,828 ","229,224 ","233,620 ","238,016 ","242,412 ","246,809 ","251,205 ","255,601 ","259,997 ","264,393 ","268,789 ","273,185 ","277,581 ","281,977 ","286,373 ","290,770 ","295,166 ","299,562 ","303,958 ","308,354 ","312,750 ","317,146 ","321,542 "
"132,751 ","136,974 ","141,197 ","145,420 ","149,643 ","153,866 ","158,088 ","162,311 ","166,534 ","170,757 ","174,980 ","179,203 ","183,426 ","187,649 ","191,872 ","196,095 ","200,318 ","204,541 ","208,764 ","212,987 ","217,210 ","221,433 ","225,656 ","229,879 ","234,102 ","238,325 ","242,547 ","246,770 ","250,993 ","255,216 ","259,439 ","263,662 ","267,885 ","272,108 ","276,331 ","280,554 ","284,777 ","289,000 ","293,223 ","297,446 ","301,669 ","305,892 ","310,115 "
"128,598 ","132,648 ","136,698 ","140,748 ","144,798 ","148,847 ","152,897 ","156,947 ","160,997 ","165,047 ","169,097 ","173,147 ","177,197 ","181,247 ","185,297 ","189,347 ","193,397 ","197,446 ","201,496 ","205,546 ","209,596 ","213,646 ","217,696 ","221,746 ","225,796 ","229,846 ","233,896 ","237,946 ","241,995 ","246,045 ","250,095 ","254,145 ","258,195 ","262,245 ","266,295 ","270,345 ","274,395 ","278,445 ","282,495 ","286,545 ","290,594 ","294,644 ","298,694 "
"124,464 ","128,342 ","132,219 ","136,097 ","139,975 ","143,852 ","147,730 ","151,607 ","155,485 ","159,363 ","163,240 ","167,118 ","170,996 ","174,873 ","178,751 ","182,629 ","186,506 ","190,384 ","194,262 ","198,139 ","202,017 ","205,895 ","209,772 ","213,650 ","217,528 ","221,405 ","225,283 ","229,161 ","233,038 ","236,916 ","240,794 ","244,671 ","248,549 ","252,427 ","256,304 ","260,182 ","264,060 ","267,937 ","271,815 ","275,693 ","279,570 ","283,448 ","287,326 "
"120,389 ","124,097 ","127,805 ","131,513 ","135,221 ","138,929 ","142,637 ","146,345 ","150,053 ","153,760 ","157,468 ","161,176 ","164,884 ","168,592 ","172,300 ","176,008 ","179,716 ","183,424 ","187,131 ","190,839 ","194,547 ","198,255 ","201,963 ","205,671 ","209,379 ","213,087 ","216,795 ","220,503 ","224,210 ","227,918 ","231,626 ","235,334 ","239,042 ","242,750 ","246,458 ","250,166 ","253,874 ","257,581 ","261,289 ","264,997 ","268,705 ","272,413 ","276,121 "
"116,345 ","119,885 ","123,424 ","126,964 ","130,503 ","134,042 ","137,582 ","141,121 ","144,661 ","148,200 ","151,739 ","155,279 ","158,818 ","162,358 ","165,897 ","169,436 ","172,976 ","176,515 ","180,055 ","183,594 ","187,133 ","190,673 ","194,212 ","197,752 ","201,291 ","204,830 ","208,370 ","211,909 ","215,449 ","218,988 ","222,527 ","226,067 ","229,606 ","233,145 ","236,685 ","240,224 ","243,764 ","247,303 ","250,842 ","254,382 ","257,921 ","261,461 ","265,000 "
"112,345 ","115,718 ","119,091 ","122,463 ","125,836 ","129,209 ","132,581 ","135,954 ","139,327 ","142,700 ","146,072 ","149,445 ","152,818 ","156,190 ","159,563 ","162,936 ","166,308 ","169,681 ","173,054 ","176,427 ","179,799 ","183,172 ","186,545 ","189,917 ","193,290 ","196,663 ","200,036 ","203,408 ","206,781 ","210,154 ","213,526 ","216,899 ","220,272 ","223,645 ","227,017 ","230,390 ","233,763 ","237,135 ","240,508 ","243,881 ","247,254 ","250,626 ","253,999 "
"108,401 ","111,610 ","114,818 ","118,026 ","121,235 ","124,443 ","127,652 ","130,860 ","134,068 ","137,277 ","140,485 ","143,694 ","146,902 ","150,110 ","153,319 ","156,527 ","159,735 ","162,944 ","166,152 ","169,361 ","172,569 ","175,777 ","178,986 ","182,194 ","185,403 ","188,611 ","191,819 ","195,028 ","198,236 ","201,444 ","204,653 ","207,861 ","211,070 ","214,278 ","217,486 ","220,695 ","223,903 ","227,112 ","230,320 ","233,528 ","236,737 ","239,945 ","243,153 "
"104,532 ","107,579 ","110,626 ","113,673 ","116,720 ","119,767 ","122,814 ","125,862 ","128,909 ","131,956 ","135,003 ","138,050 ","141,097 ","144,145 ","147,192 ","150,239 ","153,286 ","156,333 ","159,380 ","162,427 ","165,475 ","168,522 ","171,569 ","174,616 ","177,663 ","180,710 ","183,757 ","186,805 ","189,852 ","192,899 ","195,946 ","198,993 ","202,040 ","205,088 ","208,135 ","211,182 ","214,229 ","217,276 ","220,323 ","223,370 ","226,418 ","229,465 ","232,512 "
"100,758 ","103,648 ","106,537 ","109,427 ","112,317 ","115,207 ","118,097 ","120,987 ","123,877 ","126,767 ","129,657 ","132,547 ","135,436 ","138,326 ","141,216 ","144,106 ","146,996 ","149,886 ","152,776 ","155,666 ","158,556 ","161,446 ","164,335 ","167,225 ","170,115 ","173,005 ","175,895 ","178,785 ","181,675 ","184,565 ","187,455 ","190,345 ","193,234 ","196,124 ","199,014 ","201,904 ","204,794 ","207,684 ","210,574 ","213,464 ","216,354 ","219,244 ","222,133 "
"97,105 ","99,843 ","102,580 ","105,318 ","108,056 ","110,793 ","113,531 ","116,269 ","119,007 ","121,744 ","124,482 ","127,220 ","129,957 ","132,695 ","135,433 ","138,171 ","140,908 ","143,646 ","146,384 ","149,121 ","151,859 ","154,597 ","157,334 ","160,072 ","162,810 ","165,548 ","168,285 ","171,023 ","173,761 ","176,498 ","179,236 ","181,974 ","184,712 ","187,449 ","190,187 ","192,925 ","195,662 ","198,400 ","201,138 ","203,875 ","206,613 ","209,351 ","212,089 "
"93,598 ","96,189 ","98,781 ","101,372 ","103,964 ","106,555 ","109,147 ","111,738 ","114,330 ","116,922 ","119,513 ","122,105 ","124,696 ","127,288 ","129,879 ","132,471 ","135,063 ","137,654 ","140,246 ","142,837 ","145,429 ","148,020 ","150,612 ","153,204 ","155,795 ","158,387 ","160,978 ","163,570 ","166,161 ","168,753 ","171,344 ","173,936 ","176,528 ","179,119 ","181,711 ","184,302 ","186,894 ","189,485 ","192,077 ","194,669 ","197,260 ","199,852 ","202,443 "
"90,266 ","92,718 ","95,171 ","97,624 ","100,076 ","102,529 ","104,982 ","107,435 ","109,887 ","112,340 ","114,793 ","117,246 ","119,698 ","122,151 ","124,604 ","127,057 ","129,509 ","131,962 ","134,415 ","136,867 ","139,320 ","141,773 ","144,226 ","146,678 ","149,131 ","151,584 ","154,037 ","156,489 ","158,942 ","161,395 ","163,848 ","166,300 ","168,753 ","171,206 ","173,658 ","176,111 ","178,564 ","181,017 ","183,469 ","185,922 ","188,375 ","190,828 ","193,280 "
"87,133 ","89,455 ","91,778 ","94,100 ","96,422 ","98,744 ","101,066 ","103,389 ","105,711 ","108,033 ","110,355 ","112,678 ","115,000 ","117,322 ","119,644 ","121,966 ","124,289 ","126,611 ","128,933 ","131,255 ","133,577 ","135,900 ","138,222 ","140,544 ","142,866 ","145,189 ","147,511 ","149,833 ","152,155 ","154,477 ","156,800 ","159,122 ","161,444 ","163,766 ","166,088 ","168,411 ","170,733 ","173,055 ","175,377 ","177,700 ","180,022 ","182,344 ","184,666 "